player1_rank,player1_rank_imputed,player1_ht,player1_age,player2_rank,player2_rank_imputed,player2_ht,player2_age,player1_won,draw_size,tourney_date,best_of,Qualifying_match,player1_hand_L,player1_hand_R,player1_hand_U,player2_hand_L,player2_hand_R,player2_hand_U,player1_entry_2) A,player1_entry_3),player1_entry_5) A,player1_entry_6),player1_entry_6) A,player1_entry_8),player1_entry_A,player1_entry_AL,player1_entry_ALT,player1_entry_Alt,player1_entry_Direct,player1_entry_I,player1_entry_ITF,player1_entry_J,player1_entry_LL,player1_entry_P,player1_entry_PR,player1_entry_Q,player1_entry_S,player1_entry_SE,player1_entry_UP,player1_entry_W,player1_entry_WC,player2_entry_2) A,player2_entry_3),player2_entry_6),player2_entry_6) A,player2_entry_A,player2_entry_AL,player2_entry_ALT,player2_entry_Alt,player2_entry_Direct,player2_entry_I,player2_entry_ITF,player2_entry_LL,player2_entry_P,player2_entry_PR,player2_entry_Q,player2_entry_S,player2_entry_SE,player2_entry_UP,player2_entry_W,player2_entry_WC,tourney_level_C,tourney_level_D,tourney_level_F,tourney_level_G,tourney_level_M,tourney_level_O,round_F,round_Q1,round_Q2,round_Q3,round_QF,round_R128,round_R16,round_R32,round_R64,round_RR,round_SF,surface_Carpet,surface_Clay,surface_Grass,surface_Hard,rank_difference,age_difference,height_difference,player1_career_matches,player1_career_wins,player1_career_win_rate,player2_career_matches,player2_career_wins,player2_career_win_rate,career_win_rate_diff,player1_clay_matches,player1_clay_wins,player1_clay_win_rate,player1_grass_matches,player1_grass_wins,player1_grass_win_rate,player1_hard_matches,player1_hard_wins,player1_hard_win_rate,player1_carpet_matches,player1_carpet_wins,player1_carpet_win_rate,player2_clay_matches,player2_clay_wins,player2_clay_win_rate,player2_grass_matches,player2_grass_wins,player2_grass_win_rate,player2_hard_matches,player2_hard_wins,player2_hard_win_rate,player2_carpet_matches,player2_carpet_wins,player2_carpet_win_rate,clay_win_rate_diff,grass_win_rate_diff,hard_win_rate_diff,carpet_win_rate_diff,h2h_matches,player1_h2h_wins,player1_h2h_win_rate,player2_h2h_wins,player2_h2h_win_rate,h2h_win_rate_diff,player1_recent_form,player1_recent_matches,player2_recent_form,player2_recent_matches,recent_form_diff
1511.0,0,188.0,24.6,731.0,0,188.0,25.2,0,32,20241125,3,1,False,True,False,False,True,False,False,False,False,False,False,False,False,False,False,False,True,False,False,False,False,False,False,False,False,False,False,False,False,False,False,False,False,False,False,False,False,True,False,False,False,False,False,False,False,False,False,False,False,True,False,False,False,False,False,False,False,True,False,False,False,False,False,False,False,False,False,False,False,True,780.0,-0.5999999999999979,0.0,6,2,0.3333333333333333,21,7,0.3333333333333333,0.0,0,0,0.5,0,0,0.5,6,2,0.3333333333333333,0,0,0.5,0,0,0.5,0,0,0.5,7,0,0.0,0,0,0.5,0.0,0.0,0.3333333333333333,0.0,0,0,0.5,0,0.5,0.0,0.3333333333333333,6,0.35,20,-0.0166666666666666
771.0,0,193.0,27.5,921.0,0,178.0,28.4,0,32,20241125,3,1,False,True,False,False,True,False,False,False,False,False,False,False,False,False,False,False,True,False,False,False,False,False,False,False,False,False,False,False,False,False,False,False,False,False,False,False,False,True,False,False,False,False,False,False,False,False,False,False,False,True,False,False,False,False,False,False,False,True,False,False,False,False,False,False,False,False,False,False,False,True,-150.0,-0.8999999999999986,15.0,55,30,0.5454545454545454,5,1,0.2,0.3454545454545454,0,0,0.5,0,0,0.5,55,30,0.5454545454545454,0,0,0.5,0,0,0.5,0,0,0.5,4,1,0.25,0,0,0.5,0.0,0.0,0.2954545454545454,0.0,0,0,0.5,0,0.5,0.0,0.6,20,0.2,5,0.3999999999999999
1547.0,0,176.5,20.9,724.0,0,185.0,26.2,0,32,20241125,3,1,False,True,False,False,True,False,False,False,False,False,False,False,False,False,False,False,True,False,False,False,False,False,False,False,False,False,False,False,False,False,False,False,False,False,False,False,False,True,False,False,False,False,False,False,False,False,False,False,False,True,False,False,False,False,False,False,False,True,False,False,False,False,False,False,False,False,False,False,False,True,823.0,-5.300000000000001,-8.5,9,0,0.0,128,49,0.3828125,-0.3828125,0,0,0.5,0,0,0.5,8,0,0.0,0,0,0.5,0,0,0.5,0,0,0.5,99,36,0.3636363636363636,0,0,0.5,0.0,0.0,-0.3636363636363636,0.0,0,0,0.5,0,0.5,0.0,0.0,9,0.15,20,-0.15
777.0,0,188.0,20.0,1514.0,0,175.0,25.2,1,32,20241125,3,1,False,True,False,False,True,False,False,False,False,False,False,False,False,False,False,False,True,False,False,False,False,False,False,False,False,False,False,False,False,False,False,False,False,False,False,False,False,True,False,False,False,False,False,False,False,False,False,False,False,True,False,False,False,False,False,False,False,True,False,False,False,False,False,False,False,False,False,False,False,True,-737.0,-5.199999999999999,13.0,31,15,0.4838709677419355,4,0,0.0,0.4838709677419355,0,0,0.5,0,0,0.5,30,15,0.5,0,0,0.5,0,0,0.5,0,0,0.5,3,0,0.0,0,0,0.5,0.0,0.0,0.5,0.0,0,0,0.5,0,0.5,0.0,0.45,20,0.0,4,0.45
2258.0,1,183.0,23.1,1286.0,0,185.0,26.8,0,32,20241125,3,1,False,True,False,False,True,False,False,False,False,False,False,False,False,False,False,True,False,False,False,False,False,False,False,False,False,False,False,False,False,False,False,False,False,False,False,False,False,True,False,False,False,False,False,False,False,False,False,False,False,True,False,False,False,False,False,False,True,False,False,False,False,False,False,False,False,False,False,False,False,True,972.0,-3.6999999999999993,-2.0,6,0,0.0,4,0,0.0,0.0,0,0,0.5,0,0,0.5,3,0,0.0,0,0,0.5,0,0,0.5,0,0,0.5,3,0,0.0,0,0,0.5,0.0,0.0,0.0,0.0,0,0,0.5,0,0.5,0.0,0.0,6,0.0,4,0.0
2258.0,1,188.0,24.2,704.0,0,193.0,22.5,0,32,20241125,3,1,False,True,False,True,False,False,False,False,False,False,False,False,False,False,False,True,False,False,False,False,False,False,False,False,False,False,False,False,False,False,False,False,False,False,False,False,False,True,False,False,False,False,False,False,False,False,False,False,False,True,False,False,False,False,False,False,True,False,False,False,False,False,False,False,False,False,False,False,False,True,1554.0,1.6999999999999993,-5.0,1,0,0.0,12,6,0.5,-0.5,0,0,0.5,0,0,0.5,1,0,0.0,0,0,0.5,0,0,0.5,0,0,0.5,12,6,0.5,0,0,0.5,0.0,0.0,-0.5,0.0,0,0,0.5,0,0.5,0.0,0.0,1,0.5,12,-0.5
2258.0,1,185.0,26.9,731.0,0,188.0,25.2,0,32,20241125,3,1,False,True,False,False,True,False,False,False,False,False,False,False,False,False,False,True,False,False,False,False,False,False,False,False,False,False,False,False,False,False,False,False,False,False,False,False,False,True,False,False,False,False,False,False,False,False,False,False,False,True,False,False,False,False,False,False,True,False,False,False,False,False,False,False,False,False,False,False,False,True,1527.0,1.6999999999999993,-3.0,1,0,0.0,22,8,0.3636363636363636,-0.3636363636363636,0,0,0.5,0,0,0.5,1,0,0.0,0,0,0.5,0,0,0.5,0,0,0.5,8,1,0.125,0,0,0.5,0.0,0.0,-0.125,0.0,0,0,0.5,0,0.5,0.0,0.0,1,0.4,20,-0.4
771.0,0,193.0,27.5,2258.0,1,196.0,26.9,1,32,20241125,3,1,False,True,False,False,True,False,False,False,False,False,False,False,False,False,False,False,True,False,False,False,False,False,False,False,False,False,False,False,False,False,False,False,False,False,False,False,True,False,False,False,False,False,False,False,False,False,False,False,False,True,False,False,False,False,False,False,True,False,False,False,False,False,False,False,False,False,False,False,False,True,-1487.0,0.6000000000000014,-3.0,56,30,0.5357142857142857,0,0,0.5,0.0357142857142857,0,0,0.5,0,0,0.5,56,30,0.5357142857142857,0,0,0.5,0,0,0.5,0,0,0.5,0,0,0.5,0,0,0.5,0.0,0.0,0.0357142857142857,0.0,0,0,0.5,0,0.5,0.0,0.55,20,0.5,0,0.05
921.0,0,178.0,28.4,1859.0,0,180.0,34.8,1,32,20241125,3,1,False,True,False,False,True,False,False,False,False,False,False,False,False,False,False,False,True,False,False,False,False,False,False,False,False,False,False,False,False,False,False,False,False,False,False,False,False,True,False,False,False,False,False,False,False,False,False,False,False,True,False,False,False,False,False,False,True,False,False,False,False,False,False,False,False,False,False,False,False,True,-938.0,-6.399999999999999,-2.0,6,2,0.3333333333333333,38,12,0.3157894736842105,0.0175438596491228,0,0,0.5,0,0,0.5,5,2,0.4,0,0,0.5,0,0,0.5,0,0,0.5,17,3,0.1764705882352941,0,0,0.5,0.0,0.0,0.2235294117647059,0.0,0,0,0.5,0,0.5,0.0,0.3333333333333333,6,0.2,20,0.1333333333333333
1547.0,0,176.5,20.9,2258.0,1,175.0,35.1,1,32,20241125,3,1,False,True,False,False,True,False,False,False,False,False,False,False,False,False,False,False,True,False,False,False,False,False,False,False,False,False,False,False,False,False,False,False,False,False,False,False,False,False,False,False,False,False,False,False,False,False,False,False,True,True,False,False,False,False,False,False,True,False,False,False,False,False,False,False,False,False,False,False,False,True,-711.0,-14.200000000000005,1.5,10,0,0.0,4,0,0.0,0.0,0,0,0.5,0,0,0.5,9,0,0.0,0,0,0.5,0,0,0.5,0,0,0.5,2,0,0.0,0,0,0.5,0.0,0.0,0.0,0.0,0,0,0.5,0,0.5,0.0,0.0,10,0.0,4,0.0
2258.0,1,185.0,24.8,777.0,0,188.0,20.0,0,32,20241125,3,1,True,False,False,False,True,False,False,False,False,False,False,False,False,False,False,True,False,False,False,False,False,False,False,False,False,False,False,False,False,False,False,False,False,False,False,False,False,True,False,False,False,False,False,False,False,False,False,False,False,True,False,False,False,False,False,False,True,False,False,False,False,False,False,False,False,False,False,False,False,True,1481.0,4.800000000000001,-3.0,6,0,0.0,32,16,0.5,-0.5,0,0,0.5,0,0,0.5,5,0,0.0,0,0,0.5,0,0,0.5,0,0,0.5,31,16,0.5161290322580645,0,0,0.5,0.0,0.0,-0.5161290322580645,0.0,1,0,0.0,1,1.0,-1.0,0.0,6,0.45,20,-0.45
1514.0,0,175.0,25.2,2258.0,1,183.0,25.4,1,32,20241125,3,1,False,True,False,False,True,False,False,False,False,False,False,False,False,False,False,False,True,False,False,False,False,False,False,False,False,False,False,False,False,False,False,False,False,False,False,False,True,False,False,False,False,False,False,False,False,False,False,False,False,True,False,False,False,False,False,False,True,False,False,False,False,False,False,False,False,False,False,False,False,True,-744.0,-0.1999999999999993,-8.0,5,0,0.0,1,0,0.0,0.0,0,0,0.5,0,0,0.5,4,0,0.0,0,0,0.5,0,0,0.5,0,0,0.5,0,0,0.5,0,0,0.5,0.0,0.0,-0.5,0.0,0,0,0.5,0,0.5,0.0,0.0,5,0.0,1,0.0
320.0,0,188.0,26.2,105.0,0,185.0,25.4,1,32,20241125,3,1,False,True,False,False,True,False,False,False,False,False,False,False,False,False,False,False,True,False,False,False,False,False,False,False,False,False,False,False,False,False,False,False,False,False,False,False,False,True,False,False,False,False,False,False,False,False,False,False,False,True,False,False,False,False,False,True,False,False,False,False,False,False,False,False,False,False,False,False,False,True,215.0,0.8000000000000007,3.0,106,52,0.490566037735849,325,196,0.6030769230769231,-0.112510885341074,0,0,0.5,0,0,0.5,46,22,0.4782608695652174,0,0,0.5,0,0,0.5,0,0,0.5,24,9,0.375,0,0,0.5,0.0,0.0,0.1032608695652174,0.0,0,0,0.5,0,0.5,0.0,0.45,20,0.8,20,-0.35
376.0,0,178.0,32.6,105.0,0,185.0,25.4,0,32,20241125,3,1,False,True,False,False,True,False,False,False,False,False,False,False,False,False,False,False,True,False,False,False,False,False,False,False,False,False,False,False,False,False,False,False,False,False,False,False,False,True,False,False,False,False,False,False,False,False,False,False,False,True,False,False,False,False,False,False,False,False,False,False,False,False,False,False,False,True,False,False,False,True,271.0,7.200000000000003,-7.0,678,322,0.4749262536873156,326,196,0.6012269938650306,-0.126300740177715,0,0,0.5,0,0,0.5,100,38,0.38,0,0,0.5,0,0,0.5,0,0,0.5,25,9,0.36,0,0,0.5,0.0,0.0,0.02,0.0,4,2,0.5,2,0.5,0.0,0.4,20,0.75,20,-0.35
435.0,0,178.0,24.6,320.0,0,188.0,26.2,0,32,20241125,3,1,False,True,False,False,True,False,False,False,False,False,False,False,False,False,False,False,True,False,False,False,False,False,False,False,False,False,False,False,False,False,False,False,False,False,False,False,False,True,False,False,False,False,False,False,False,False,False,False,False,True,False,False,False,False,False,False,False,False,False,False,False,False,False,False,False,True,False,False,False,True,115.0,-1.599999999999998,-10.0,142,65,0.4577464788732394,107,53,0.4953271028037383,-0.0375806239304988,0,0,0.5,0,0,0.5,17,5,0.2941176470588235,0,0,0.5,0,0,0.5,0,0,0.5,47,23,0.4893617021276595,0,0,0.5,0.0,0.0,-0.195244055068836,0.0,0,0,0.5,0,0.5,0.0,0.5,20,0.5,20,0.0
376.0,0,178.0,32.6,287.0,0,185.0,19.7,1,32,20241125,3,1,False,True,False,False,True,False,False,False,False,False,False,False,False,False,False,False,True,False,False,False,False,False,False,False,False,False,False,False,False,False,False,False,False,False,False,False,False,True,False,False,False,False,False,False,False,False,False,False,False,True,False,False,False,False,False,False,False,False,False,True,False,False,False,False,False,False,False,False,False,True,89.0,12.900000000000002,-7.0,679,322,0.4742268041237113,57,32,0.5614035087719298,-0.0871767046482184,0,0,0.5,0,0,0.5,101,38,0.3762376237623762,0,0,0.5,0,0,0.5,0,0,0.5,2,1,0.5,0,0,0.5,0.0,0.0,-0.1237623762376237,0.0,1,0,0.0,1,1.0,-1.0,0.4,20,0.6,20,-0.1999999999999999
105.0,0,185.0,25.4,148.0,0,191.0,26.9,1,32,20241125,3,1,False,True,False,False,True,False,False,False,False,False,False,False,False,False,False,False,True,False,False,False,False,False,False,False,False,False,False,False,False,False,False,False,False,False,False,False,False,True,False,False,False,False,False,False,False,False,False,False,False,True,False,False,False,False,False,False,False,False,False,True,False,False,False,False,False,False,False,False,False,True,-43.0,-1.5,-6.0,327,197,0.6024464831804281,390,224,0.5743589743589743,0.0280875088214538,0,0,0.5,0,0,0.5,26,10,0.3846153846153846,0,0,0.5,0,0,0.5,0,0,0.5,76,38,0.5,0,0,0.5,0.0,0.0,-0.1153846153846153,0.0,4,2,0.5,2,0.5,0.0,0.8,20,0.65,20,0.15
320.0,0,188.0,26.2,323.0,0,173.0,36.3,1,32,20241125,3,1,False,True,False,True,False,False,False,False,False,False,False,False,False,False,False,False,True,False,False,False,False,False,False,False,False,False,False,False,False,False,False,False,False,False,False,False,False,True,False,False,False,False,False,False,False,False,False,False,False,True,False,False,False,False,False,False,False,False,False,True,False,False,False,False,False,False,False,False,False,True,-3.0,-10.099999999999998,15.0,108,54,0.5,226,94,0.415929203539823,0.084070796460177,0,0,0.5,0,0,0.5,48,24,0.5,0,0,0.5,0,0,0.5,0,0,0.5,25,8,0.32,0,0,0.5,0.0,0.0,0.18,0.0,0,0,0.5,0,0.5,0.0,0.5,20,0.4,20,0.0999999999999999
435.0,0,178.0,24.6,913.0,0,188.0,28.9,1,32,20241125,3,1,False,True,False,False,True,False,False,False,False,False,False,False,False,False,False,False,True,False,False,False,False,False,False,False,False,False,False,False,False,False,False,False,False,False,False,False,False,False,False,False,False,False,False,True,False,False,False,False,False,True,False,False,False,False,False,False,False,False,False,True,False,False,False,False,False,False,False,False,False,True,-478.0,-4.299999999999997,-10.0,143,65,0.4545454545454545,76,30,0.3947368421052631,0.0598086124401913,0,0,0.5,0,0,0.5,18,5,0.2777777777777778,0,0,0.5,0,0,0.5,0,0,0.5,10,3,0.3,0,0,0.5,0.0,0.0,-0.0222222222222222,0.0,0,0,0.5,0,0.5,0.0,0.5,20,0.25,20,0.25
97.0,0,183.0,26.2,287.0,0,185.0,19.7,0,32,20241125,3,1,False,True,False,False,True,False,False,False,False,False,False,False,False,False,False,False,True,False,False,False,False,False,False,False,False,False,False,False,False,False,False,False,False,False,False,False,False,True,False,False,False,False,False,False,False,False,False,False,False,True,False,False,False,False,False,False,False,False,False,False,False,True,False,False,False,False,False,False,False,True,-190.0,6.5,-2.0,257,135,0.5252918287937743,58,32,0.5517241379310345,-0.0264323091372601,0,0,0.5,0,0,0.5,216,122,0.5648148148148148,0,0,0.5,0,0,0.5,0,0,0.5,3,1,0.3333333333333333,0,0,0.5,0.0,0.0,0.2314814814814814,0.0,0,0,0.5,0,0.5,0.0,0.45,20,0.6,20,-0.1499999999999999
776.0,0,178.0,32.2,376.0,0,178.0,32.6,0,32,20241125,3,1,False,True,False,False,True,False,False,False,False,False,False,False,False,False,False,False,False,False,False,False,False,False,True,False,False,False,False,False,False,False,False,False,False,False,False,False,False,True,False,False,False,False,False,False,False,False,False,False,False,True,False,False,False,False,False,False,False,False,False,False,False,True,False,False,False,False,False,False,False,True,400.0,-0.3999999999999986,0.0,348,184,0.5287356321839081,680,323,0.475,0.053735632183908,0,0,0.5,0,0,0.5,49,21,0.4285714285714285,0,0,0.5,0,0,0.5,0,0,0.5,102,39,0.3823529411764705,0,0,0.5,0.0,0.0,0.0462184873949579,0.0,4,3,0.75,1,0.25,0.5,0.4,20,0.45,20,-0.0499999999999999
105.0,0,185.0,25.4,285.0,0,175.0,26.2,1,32,20241125,3,1,False,True,False,False,True,False,False,False,False,False,False,False,False,False,False,False,True,False,False,False,False,False,False,False,False,False,False,False,False,False,False,False,False,False,False,False,False,True,False,False,False,False,False,False,False,False,False,False,False,True,False,False,False,False,False,False,False,False,False,False,False,True,False,False,False,False,False,False,False,True,-180.0,-0.8000000000000007,10.0,328,198,0.6036585365853658,117,60,0.5128205128205128,0.090838023764853,0,0,0.5,0,0,0.5,27,11,0.4074074074074074,0,0,0.5,0,0,0.5,0,0,0.5,49,27,0.5510204081632653,0,0,0.5,0.0,0.0,-0.1436130007558578,0.0,0,0,0.5,0,0.5,0.0,0.8,20,0.4,20,0.4
623.0,0,183.0,24.5,148.0,0,191.0,26.9,0,32,20241125,3,1,False,True,False,False,True,False,False,False,False,False,False,False,False,False,False,False,False,False,False,False,False,False,False,True,False,False,False,False,False,False,False,False,False,False,False,False,False,True,False,False,False,False,False,False,False,False,False,False,False,True,False,False,False,False,False,False,False,False,False,False,False,True,False,False,False,False,False,False,False,True,475.0,-2.3999999999999986,-8.0,58,29,0.5,391,224,0.5728900255754475,-0.0728900255754475,0,0,0.5,0,0,0.5,15,10,0.6666666666666666,0,0,0.5,0,0,0.5,0,0,0.5,77,38,0.4935064935064935,0,0,0.5,0.0,0.0,0.1731601731601731,0.0,2,1,0.5,1,0.5,0.0,0.45,20,0.65,20,-0.2
323.0,0,173.0,36.3,276.0,0,175.0,21.8,1,32,20241125,3,1,True,False,False,False,True,False,False,False,False,False,False,False,False,False,False,False,True,False,False,False,False,False,False,False,False,False,False,False,False,False,False,False,False,False,False,False,False,True,False,False,False,False,False,False,False,False,False,False,False,True,False,False,False,False,False,False,False,False,False,False,False,True,False,False,False,False,False,False,False,True,47.0,14.499999999999996,-2.0,227,94,0.4140969162995594,80,39,0.4875,-0.0734030837004405,0,0,0.5,0,0,0.5,26,8,0.3076923076923077,0,0,0.5,0,0,0.5,0,0,0.5,4,0,0.0,0,0,0.5,0.0,0.0,0.3076923076923077,0.0,0,0,0.5,0,0.5,0.0,0.35,20,0.45,20,-0.1
246.0,0,170.0,25.5,320.0,0,188.0,26.2,0,32,20241125,3,1,False,True,False,False,True,False,False,False,False,False,False,False,False,False,False,False,True,False,False,False,False,False,False,False,False,False,False,False,False,False,False,False,False,False,False,False,False,True,False,False,False,False,False,False,False,False,False,False,False,True,False,False,False,False,False,False,False,False,False,False,False,True,False,False,False,False,False,False,False,True,-74.0,-0.6999999999999993,-18.0,70,36,0.5142857142857142,109,55,0.5045871559633027,0.0096985583224115,0,0,0.5,0,0,0.5,20,10,0.5,0,0,0.5,0,0,0.5,0,0,0.5,49,25,0.5102040816326531,0,0,0.5,0.0,0.0,-0.010204081632653,0.0,1,0,0.0,1,1.0,-1.0,0.55,20,0.55,20,0.0
390.0,0,183.0,20.6,913.0,0,188.0,28.9,0,32,20241125,3,1,False,False,True,False,True,False,False,False,False,False,False,False,False,False,False,True,False,False,False,False,False,False,False,False,False,False,False,False,False,False,False,False,False,False,False,False,False,False,False,False,False,False,False,True,False,False,False,False,False,True,False,False,False,False,False,False,False,False,False,False,False,True,False,False,False,False,False,False,False,True,-523.0,-8.299999999999997,-5.0,43,21,0.4883720930232558,77,30,0.3896103896103896,0.0987617034128661,0,0,0.5,0,0,0.5,2,1,0.5,0,0,0.5,0,0,0.5,0,0,0.5,11,3,0.2727272727272727,0,0,0.5,0.0,0.0,0.2272727272727273,0.0,0,0,0.5,0,0.5,0.0,0.55,20,0.25,20,0.3
639.0,0,178.0,16.7,435.0,0,178.0,24.6,0,32,20241125,3,1,True,False,False,False,True,False,False,False,False,False,False,False,False,False,False,False,False,False,False,False,False,False,False,False,False,False,False,False,True,False,False,False,False,False,False,False,False,True,False,False,False,False,False,False,False,False,False,False,False,True,False,False,False,False,False,False,False,False,False,False,False,True,False,False,False,False,False,False,False,True,204.0,-7.900000000000002,0.0,9,4,0.4444444444444444,144,66,0.4583333333333333,-0.0138888888888888,0,0,0.5,0,0,0.5,0,0,0.5,0,0,0.5,0,0,0.5,0,0,0.5,19,6,0.3157894736842105,0,0,0.5,0.0,0.0,0.1842105263157895,0.0,0,0,0.5,0,0.5,0.0,0.4444444444444444,9,0.55,20,-0.1055555555555556
673.0,0,185.0,24.1,97.0,0,183.0,26.2,0,32,20241125,3,1,False,True,False,False,True,False,False,False,False,False,False,False,False,False,False,False,False,False,False,False,False,False,False,False,False,False,False,False,True,False,False,False,False,False,False,False,False,True,False,False,False,False,False,False,False,False,False,False,False,True,False,False,False,False,False,False,False,False,False,False,False,False,True,False,False,False,False,False,False,True,576.0,-2.099999999999998,2.0,8,2,0.25,258,135,0.5232558139534884,-0.2732558139534884,0,0,0.5,0,0,0.5,1,0,0.0,0,0,0.5,0,0,0.5,0,0,0.5,217,122,0.5622119815668203,0,0,0.5,0.0,0.0,-0.5622119815668203,0.0,0,0,0.5,0,0.5,0.0,0.25,8,0.4,20,-0.15
324.0,0,175.0,26.3,287.0,0,185.0,19.7,0,32,20241125,3,1,False,True,False,False,True,False,False,False,False,False,False,False,False,False,False,False,True,False,False,False,False,False,False,False,False,False,False,False,False,False,False,False,False,False,False,False,False,True,False,False,False,False,False,False,False,False,False,False,False,True,False,False,False,False,False,False,False,False,False,False,False,False,True,False,False,False,False,False,False,True,37.0,6.600000000000001,-10.0,230,116,0.5043478260869565,59,33,0.559322033898305,-0.0549742078113485,0,0,0.5,0,0,0.5,30,17,0.5666666666666667,0,0,0.5,0,0,0.5,0,0,0.5,4,2,0.5,0,0,0.5,0.0,0.0,0.0666666666666666,0.0,1,0,0.0,1,1.0,-1.0,0.65,20,0.6,20,0.05
492.0,0,185.0,28.8,776.0,0,178.0,32.2,0,32,20241125,3,1,False,True,False,False,True,False,False,False,False,False,False,False,False,False,False,False,False,False,False,False,False,False,False,True,False,False,False,False,False,False,False,False,False,False,False,False,False,False,False,False,False,False,True,False,False,False,False,False,False,True,False,False,False,False,False,False,False,False,False,False,False,False,True,False,False,False,False,False,False,True,-284.0,-3.400000000000002,7.0,69,33,0.4782608695652174,349,184,0.5272206303724928,-0.0489597608072753,0,0,0.5,0,0,0.5,3,2,0.6666666666666666,0,0,0.5,0,0,0.5,0,0,0.5,50,21,0.42,0,0,0.5,0.0,0.0,0.2466666666666666,0.0,0,0,0.5,0,0.5,0.0,0.55,20,0.35,20,0.2
239.0,0,173.0,20.6,376.0,0,178.0,32.6,0,32,20241125,3,1,False,True,False,False,True,False,False,False,False,False,False,False,False,False,False,False,True,False,False,False,False,False,False,False,False,False,False,False,False,False,False,False,False,False,False,False,False,True,False,False,False,False,False,False,False,False,False,False,False,True,False,False,False,False,False,False,False,False,False,False,False,False,True,False,False,False,False,False,False,True,-137.0,-12.0,-5.0,93,40,0.4301075268817204,681,324,0.4757709251101321,-0.0456633982284117,0,0,0.5,0,0,0.5,5,2,0.4,0,0,0.5,0,0,0.5,0,0,0.5,103,40,0.3883495145631068,0,0,0.5,0.0,0.0,0.0116504854368932,0.0,4,2,0.5,2,0.5,0.0,0.4,20,0.5,20,-0.0999999999999999
105.0,0,185.0,25.4,281.0,0,178.0,22.6,1,32,20241125,3,1,False,True,False,False,True,False,False,False,False,False,False,False,False,False,False,False,True,False,False,False,False,False,False,False,False,False,False,False,False,False,False,False,False,False,False,False,False,True,False,False,False,False,False,False,False,False,False,False,False,True,False,False,False,False,False,False,False,False,False,False,False,False,True,False,False,False,False,False,False,True,-176.0,2.799999999999997,7.0,329,199,0.6048632218844985,165,93,0.5636363636363636,0.0412268582481348,0,0,0.5,0,0,0.5,28,12,0.4285714285714285,0,0,0.5,0,0,0.5,0,0,0.5,5,2,0.4,0,0,0.5,0.0,0.0,0.0285714285714285,0.0,2,0,0.0,2,1.0,-1.0,0.8,20,0.65,20,0.15
337.0,0,198.0,31.7,285.0,0,175.0,26.2,0,32,20241125,3,1,False,True,False,False,True,False,False,False,False,False,False,False,False,False,False,False,True,False,False,False,False,False,False,False,False,False,False,False,False,False,False,False,False,False,False,False,False,True,False,False,False,False,False,False,False,False,False,False,False,True,False,False,False,False,False,False,False,False,False,False,False,False,True,False,False,False,False,False,False,True,52.0,5.5,23.0,183,75,0.4098360655737705,118,60,0.5084745762711864,-0.0986385106974159,0,0,0.5,0,0,0.5,139,60,0.4316546762589928,0,0,0.5,0,0,0.5,0,0,0.5,50,27,0.54,0,0,0.5,0.0,0.0,-0.1083453237410072,0.0,0,0,0.5,0,0.5,0.0,0.45,20,0.35,20,0.1
623.0,0,183.0,24.5,518.0,0,180.0,21.8,1,32,20241125,3,1,False,True,False,False,True,False,False,False,False,False,False,False,False,False,False,False,False,False,False,False,False,False,False,True,False,False,False,False,False,False,False,False,False,False,False,False,False,False,False,False,False,False,False,True,False,False,False,False,False,True,False,False,False,False,False,False,False,False,False,False,False,False,True,False,False,False,False,False,False,True,105.0,2.6999999999999997,3.0,59,29,0.4915254237288136,121,55,0.4545454545454545,0.036979969183359,0,0,0.5,0,0,0.5,16,10,0.625,0,0,0.5,0,0,0.5,0,0,0.5,5,1,0.2,0,0,0.5,0.0,0.0,0.425,0.0,0,0,0.5,0,0.5,0.0,0.45,20,0.4,20,0.0499999999999999
148.0,0,191.0,26.9,501.0,0,196.0,20.1,1,32,20241125,3,1,False,True,False,False,True,False,False,False,False,False,False,False,False,False,False,False,True,False,False,False,False,False,False,False,False,False,False,False,False,False,False,False,False,False,False,False,False,False,False,False,False,False,False,True,False,False,False,False,False,True,False,False,False,False,False,False,False,False,False,False,False,False,True,False,False,False,False,False,False,True,-353.0,6.799999999999997,-5.0,392,225,0.5739795918367347,39,15,0.3846153846153846,0.1893642072213501,0,0,0.5,0,0,0.5,78,39,0.5,0,0,0.5,0,0,0.5,0,0,0.5,25,8,0.32,0,0,0.5,0.0,0.0,0.18,0.0,0,0,0.5,0,0.5,0.0,0.65,20,0.35,20,0.3
284.0,0,193.0,23.8,276.0,0,175.0,21.8,0,32,20241125,3,1,False,True,False,False,True,False,False,False,False,False,False,False,False,False,False,False,True,False,False,False,False,False,False,False,False,False,False,False,False,False,False,False,False,False,False,False,False,True,False,False,False,False,False,False,False,False,False,False,False,True,False,False,False,False,False,False,False,False,False,False,False,False,True,False,False,False,False,False,False,True,8.0,2.0,18.0,132,63,0.4772727272727273,81,39,0.4814814814814814,-0.0042087542087541,0,0,0.5,0,0,0.5,15,5,0.3333333333333333,0,0,0.5,0,0,0.5,0,0,0.5,5,0,0.0,0,0,0.5,0.0,0.0,0.3333333333333333,0.0,1,1,1.0,0,0.0,1.0,0.55,20,0.45,20,0.1
404.0,0,188.0,21.0,323.0,0,173.0,36.3,0,32,20241125,3,1,False,True,False,True,False,False,False,False,False,False,False,False,False,False,False,True,False,False,False,False,False,False,False,False,False,False,False,False,False,False,False,False,False,False,False,False,False,True,False,False,False,False,False,False,False,False,False,False,False,True,False,False,False,False,False,False,False,False,False,False,False,False,True,False,False,False,False,False,False,True,81.0,-15.299999999999995,15.0,50,27,0.54,228,95,0.4166666666666667,0.1233333333333333,0,0,0.5,0,0,0.5,3,1,0.3333333333333333,0,0,0.5,0,0,0.5,0,0,0.5,27,9,0.3333333333333333,0,0,0.5,0.0,0.0,0.0,0.0,1,1,1.0,0,0.0,1.0,0.6,20,0.35,20,0.25
388.0,0,175.0,29.8,320.0,0,188.0,26.2,0,32,20241125,3,1,False,True,False,False,True,False,False,False,False,False,False,False,False,False,False,True,False,False,False,False,False,False,False,False,False,False,False,False,False,False,False,False,False,False,False,False,False,True,False,False,False,False,False,False,False,False,False,False,False,True,False,False,False,False,False,False,False,False,False,False,False,False,True,False,False,False,False,False,False,True,68.0,3.6000000000000014,-13.0,262,123,0.4694656488549618,110,56,0.509090909090909,-0.0396252602359472,0,0,0.5,0,0,0.5,27,10,0.3703703703703703,0,0,0.5,0,0,0.5,0,0,0.5,50,26,0.52,0,0,0.5,0.0,0.0,-0.1496296296296296,0.0,0,0,0.5,0,0.5,0.0,0.65,20,0.55,20,0.0999999999999999
246.0,0,170.0,25.5,453.0,0,180.0,26.7,1,32,20241125,3,1,False,True,False,False,True,False,False,False,False,False,False,False,False,False,False,False,True,False,False,False,False,False,False,False,False,False,False,False,False,False,False,False,False,False,False,False,False,False,False,False,True,False,False,False,False,False,False,False,False,True,False,False,False,False,False,False,False,False,False,False,False,False,True,False,False,False,False,False,False,True,-207.0,-1.1999999999999993,-10.0,71,36,0.5070422535211268,235,110,0.4680851063829787,0.038957147138148,0,0,0.5,0,0,0.5,21,10,0.4761904761904761,0,0,0.5,0,0,0.5,0,0,0.5,13,4,0.3076923076923077,0,0,0.5,0.0,0.0,0.1684981684981684,0.0,0,0,0.5,0,0.5,0.0,0.5,20,0.5,20,0.0
264.0,0,191.0,25.3,913.0,0,188.0,28.9,0,32,20241125,3,1,False,True,False,False,True,False,False,False,False,False,False,False,False,False,False,False,True,False,False,False,False,False,False,False,False,False,False,False,False,False,False,False,False,False,False,False,False,False,False,False,False,False,False,True,False,False,False,False,False,True,False,False,False,False,False,False,False,False,False,False,False,False,True,False,False,False,False,False,False,True,-649.0,-3.599999999999998,3.0,214,111,0.5186915887850467,78,31,0.3974358974358974,0.1212556913491493,0,0,0.5,0,0,0.5,26,12,0.4615384615384615,0,0,0.5,0,0,0.5,0,0,0.5,12,4,0.3333333333333333,0,0,0.5,0.0,0.0,0.1282051282051282,0.0,0,0,0.5,0,0.5,0.0,0.5,20,0.25,20,0.25
464.0,0,188.0,23.7,390.0,0,183.0,20.6,0,32,20241125,3,1,False,True,False,False,False,True,False,False,False,False,False,False,False,False,False,False,False,False,False,False,False,False,False,True,False,False,False,False,False,False,False,False,False,False,False,False,True,False,False,False,False,False,False,False,False,False,False,False,False,True,False,False,False,False,False,False,False,False,False,False,False,False,True,False,False,False,False,False,False,True,74.0,3.099999999999998,5.0,60,29,0.4833333333333333,44,21,0.4772727272727273,0.006060606060606,0,0,0.5,0,0,0.5,4,2,0.5,0,0,0.5,0,0,0.5,0,0,0.5,3,1,0.3333333333333333,0,0,0.5,0.0,0.0,0.1666666666666666,0.0,1,0,0.0,1,1.0,-1.0,0.5,20,0.5,20,0.0
316.0,0,178.0,31.4,639.0,0,178.0,16.7,0,32,20241125,3,1,False,True,False,True,False,False,False,False,False,False,False,False,False,False,False,False,True,False,False,False,False,False,False,False,False,False,False,False,False,False,False,False,False,False,False,False,False,False,False,False,False,False,False,False,False,False,False,False,True,True,False,False,False,False,False,False,False,False,False,False,False,False,True,False,False,False,False,False,False,True,-323.0,14.7,0.0,277,132,0.4765342960288808,10,4,0.4,0.0765342960288808,0,0,0.5,0,0,0.5,20,10,0.5,0,0,0.5,0,0,0.5,0,0,0.5,1,0,0.0,0,0,0.5,0.0,0.0,0.5,0.0,0,0,0.5,0,0.5,0.0,0.35,20,0.4,10,-0.05
435.0,0,178.0,24.6,84.0,0,178.0,24.1,1,32,20241125,3,1,False,True,False,False,True,False,False,False,False,False,False,False,False,False,False,False,True,False,False,False,False,False,False,False,False,False,False,False,False,False,False,False,False,False,False,False,False,False,False,False,False,False,False,False,False,False,False,False,True,True,False,False,False,False,False,False,False,False,False,False,False,False,True,False,False,False,False,False,False,True,351.0,0.5,0.0,145,67,0.4620689655172413,181,113,0.6243093922651933,-0.1622404267479519,0,0,0.5,0,0,0.5,20,7,0.35,0,0,0.5,0,0,0.5,0,0,0.5,17,10,0.5882352941176471,0,0,0.5,0.0,0.0,-0.2382352941176471,0.0,1,0,0.0,1,1.0,-1.0,0.55,20,0.75,20,-0.1999999999999999
453.0,0,180.0,26.7,913.0,0,188.0,28.9,0,32,20241125,3,1,False,True,False,False,True,False,False,False,False,False,False,False,False,False,False,True,False,False,False,False,False,False,False,False,False,False,False,False,False,False,False,False,False,False,False,False,True,False,False,False,False,False,False,False,False,False,False,False,False,True,False,False,False,False,False,False,False,True,False,False,False,False,False,False,False,False,False,False,False,True,-460.0,-2.1999999999999997,-8.0,236,110,0.4661016949152542,79,32,0.4050632911392405,0.0610384037760137,0,0,0.5,0,0,0.5,14,4,0.2857142857142857,0,0,0.5,0,0,0.5,0,0,0.5,13,5,0.3846153846153846,0,0,0.5,0.0,0.0,-0.0989010989010989,0.0,3,1,0.3333333333333333,2,0.6666666666666666,-0.3333333333333333,0.5,20,0.3,20,0.2
751.0,0,178.0,33.0,492.0,0,185.0,28.8,0,32,20241125,3,1,False,True,False,False,True,False,False,False,False,False,False,False,False,False,False,False,True,False,False,False,False,False,False,False,False,False,False,False,False,False,False,False,False,False,False,False,False,True,False,False,False,False,False,False,False,False,False,False,False,True,False,False,False,False,False,False,False,True,False,False,False,False,False,False,False,False,False,False,False,True,259.0,4.199999999999999,-7.0,159,51,0.320754716981132,70,33,0.4714285714285714,-0.1506738544474393,0,0,0.5,0,0,0.5,20,4,0.2,0,0,0.5,0,0,0.5,0,0,0.5,4,2,0.5,0,0,0.5,0.0,0.0,-0.3,0.0,1,0,0.0,1,1.0,-1.0,0.3,20,0.55,20,-0.25
564.0,0,173.0,29.8,501.0,0,196.0,20.1,0,32,20241125,3,1,False,True,False,False,True,False,False,False,False,False,False,False,False,False,False,False,True,False,False,False,False,False,False,False,False,False,False,False,False,False,False,False,False,False,False,False,False,True,False,False,False,False,False,False,False,False,False,False,False,True,False,False,False,False,False,False,False,True,False,False,False,False,False,False,False,False,False,False,False,True,63.0,9.7,-23.0,140,66,0.4714285714285714,40,15,0.375,0.0964285714285714,0,0,0.5,0,0,0.5,13,5,0.3846153846153846,0,0,0.5,0,0,0.5,0,0,0.5,26,8,0.3076923076923077,0,0,0.5,0.0,0.0,0.0769230769230769,0.0,0,0,0.5,0,0.5,0.0,0.45,20,0.35,20,0.1
518.0,0,180.0,21.8,607.0,0,180.0,23.1,1,32,20241125,3,1,False,True,False,False,True,False,False,False,False,False,False,False,False,False,False,False,True,False,False,False,False,False,False,False,False,False,False,False,False,False,False,False,False,False,False,False,False,True,False,False,False,False,False,False,False,False,False,False,False,True,False,False,False,False,False,False,False,True,False,False,False,False,False,False,False,False,False,False,False,True,-89.0,-1.3000000000000007,0.0,122,55,0.4508196721311475,14,6,0.4285714285714285,0.0222482435597189,0,0,0.5,0,0,0.5,6,1,0.1666666666666666,0,0,0.5,0,0,0.5,0,0,0.5,1,0,0.0,0,0,0.5,0.0,0.0,0.1666666666666666,0.0,0,0,0.5,0,0.5,0.0,0.4,20,0.4285714285714285,14,-0.0285714285714285
836.0,0,198.0,23.2,623.0,0,183.0,24.5,0,32,20241125,3,1,True,False,False,False,True,False,False,False,False,False,False,False,False,False,False,False,True,False,False,False,False,False,False,False,False,False,False,False,False,False,False,False,False,False,False,False,False,True,False,False,False,False,False,False,False,False,False,False,False,True,False,False,False,False,False,False,False,True,False,False,False,False,False,False,False,False,False,False,False,True,213.0,-1.3000000000000007,15.0,33,8,0.2424242424242424,60,30,0.5,-0.2575757575757575,0,0,0.5,0,0,0.5,13,2,0.1538461538461538,0,0,0.5,0,0,0.5,0,0,0.5,17,11,0.6470588235294118,0,0,0.5,0.0,0.0,-0.4932126696832579,0.0,0,0,0.5,0,0.5,0.0,0.3,20,0.45,20,-0.15
453.0,0,180.0,26.7,1103.0,0,185.0,20.3,1,32,20241125,3,1,False,True,False,False,True,False,False,False,False,False,False,False,False,False,False,True,False,False,False,False,False,False,False,False,False,False,False,False,False,False,False,False,False,False,False,False,False,True,False,False,False,False,False,False,False,False,False,False,False,True,False,False,False,False,False,False,True,False,False,False,False,False,False,False,False,False,False,False,False,True,-650.0,6.399999999999999,-5.0,237,110,0.4641350210970464,5,2,0.4,0.0641350210970463,0,0,0.5,0,0,0.5,15,4,0.2666666666666666,0,0,0.5,0,0,0.5,0,0,0.5,0,0,0.5,0,0,0.5,0.0,0.0,-0.2333333333333333,0.0,0,0,0.5,0,0.5,0.0,0.5,20,0.4,5,0.0999999999999999
684.0,0,188.0,25.2,913.0,0,188.0,28.9,0,32,20241125,3,1,False,True,False,False,True,False,False,False,False,False,False,False,False,False,False,False,True,False,False,False,False,False,False,False,False,False,False,False,False,False,False,False,False,False,False,False,True,False,False,False,False,False,False,False,False,False,False,False,False,True,False,False,False,False,False,False,True,False,False,False,False,False,False,False,False,False,False,False,False,True,-229.0,-3.6999999999999993,0.0,18,8,0.4444444444444444,80,33,0.4125,0.0319444444444444,0,0,0.5,0,0,0.5,0,0,0.5,0,0,0.5,0,0,0.5,0,0,0.5,14,6,0.4285714285714285,0,0,0.5,0.0,0.0,0.0714285714285714,0.0,0,0,0.5,0,0.5,0.0,0.4444444444444444,18,0.35,20,0.0944444444444444
492.0,0,185.0,28.8,992.0,0,183.0,26.9,1,32,20241125,3,1,False,True,False,False,True,False,False,False,False,False,False,False,False,False,False,False,True,False,False,False,False,False,False,False,False,False,False,False,False,False,False,False,False,False,False,False,True,False,False,False,False,False,False,False,False,False,False,False,False,True,False,False,False,False,False,False,True,False,False,False,False,False,False,False,False,False,False,False,False,True,-500.0,1.900000000000002,2.0,71,34,0.4788732394366197,8,4,0.5,-0.0211267605633803,0,0,0.5,0,0,0.5,5,3,0.6,0,0,0.5,0,0,0.5,0,0,0.5,3,1,0.3333333333333333,0,0,0.5,0.0,0.0,0.2666666666666666,0.0,0,0,0.5,0,0.5,0.0,0.55,20,0.5,8,0.05
751.0,0,178.0,33.0,1210.0,0,183.0,30.3,1,32,20241125,3,1,False,True,False,False,True,False,False,False,False,False,False,False,False,False,False,False,True,False,False,False,False,False,False,False,False,False,False,False,False,False,False,False,False,False,False,False,False,True,False,False,False,False,False,False,False,False,False,False,False,True,False,False,False,False,False,False,True,False,False,False,False,False,False,False,False,False,False,False,False,True,-459.0,2.6999999999999997,-5.0,160,51,0.31875,69,31,0.4492753623188406,-0.1305253623188406,0,0,0.5,0,0,0.5,21,4,0.1904761904761904,0,0,0.5,0,0,0.5,0,0,0.5,5,1,0.2,0,0,0.5,0.0,0.0,-0.0095238095238095,0.0,1,0,0.0,1,1.0,-1.0,0.25,20,0.3,20,-0.0499999999999999
501.0,0,196.0,20.1,1379.0,0,180.0,35.8,1,32,20241125,3,1,False,True,False,False,True,False,False,False,False,False,False,False,False,False,False,False,True,False,False,False,False,False,False,False,False,False,False,False,False,False,False,False,False,False,False,False,True,False,False,False,False,False,False,False,False,False,False,False,False,True,False,False,False,False,False,False,True,False,False,False,False,False,False,False,False,False,False,False,False,True,-878.0,-15.699999999999996,16.0,41,16,0.3902439024390244,162,52,0.3209876543209876,0.0692562481180367,0,0,0.5,0,0,0.5,27,9,0.3333333333333333,0,0,0.5,0,0,0.5,0,0,0.5,40,12,0.3,0,0,0.5,0.0,0.0,0.0333333333333333,0.0,0,0,0.5,0,0.5,0.0,0.35,20,0.2,20,0.1499999999999999
1549.0,0,173.0,23.7,564.0,0,173.0,29.8,0,32,20241125,3,1,True,False,False,False,True,False,False,False,False,False,False,False,False,False,False,True,False,False,False,False,False,False,False,False,False,False,False,False,False,False,False,False,False,False,False,False,False,True,False,False,False,False,False,False,False,False,False,False,False,True,False,False,False,False,False,False,True,False,False,False,False,False,False,False,False,False,False,False,False,True,985.0,-6.100000000000001,0.0,5,0,0.0,141,66,0.4680851063829787,-0.4680851063829787,0,0,0.5,0,0,0.5,0,0,0.5,0,0,0.5,0,0,0.5,0,0,0.5,14,5,0.3571428571428571,0,0,0.5,0.0,0.0,0.1428571428571428,0.0,0,0,0.5,0,0.5,0.0,0.0,5,0.4,20,-0.4
518.0,0,180.0,21.8,804.0,0,180.0,24.4,1,32,20241125,3,1,False,True,False,False,True,False,False,False,False,False,False,False,False,False,False,False,True,False,False,False,False,False,False,False,False,False,False,False,False,False,False,False,False,False,False,False,False,True,False,False,False,False,False,False,False,False,False,False,False,True,False,False,False,False,False,False,True,False,False,False,False,False,False,False,False,False,False,False,False,True,-286.0,-2.599999999999998,0.0,123,56,0.4552845528455284,20,5,0.25,0.2052845528455284,0,0,0.5,0,0,0.5,7,2,0.2857142857142857,0,0,0.5,0,0,0.5,0,0,0.5,6,2,0.3333333333333333,0,0,0.5,0.0,0.0,-0.0476190476190476,0.0,0,0,0.5,0,0.5,0.0,0.45,20,0.25,20,0.2
623.0,0,183.0,24.5,1567.0,0,178.0,31.8,1,32,20241125,3,1,False,True,False,False,True,False,False,False,False,False,False,False,False,False,False,False,True,False,False,False,False,False,False,False,False,False,False,False,False,False,False,False,False,False,False,False,True,False,False,False,False,False,False,False,False,False,False,False,False,True,False,False,False,False,False,False,True,False,False,False,False,False,False,False,False,False,False,False,False,True,-944.0,-7.300000000000001,5.0,61,31,0.5081967213114754,12,1,0.0833333333333333,0.4248633879781421,0,0,0.5,0,0,0.5,18,12,0.6666666666666666,0,0,0.5,0,0,0.5,0,0,0.5,7,1,0.1428571428571428,0,0,0.5,0.0,0.0,0.5238095238095237,0.0,0,0,0.5,0,0.5,0.0,0.45,20,0.0833333333333333,12,0.3666666666666667
682.0,0,193.0,18.4,409.0,0,193.0,30.6,1,32,20241125,3,1,False,True,False,False,True,False,False,False,False,False,False,False,False,False,False,False,False,False,False,False,False,False,False,False,False,False,False,False,True,False,False,False,False,False,False,False,False,False,False,False,False,False,False,True,False,False,False,False,False,True,False,False,False,False,False,True,False,False,False,False,False,False,False,False,False,False,False,False,False,True,273.0,-12.200000000000005,0.0,17,6,0.3529411764705882,35,19,0.5428571428571428,-0.1899159663865545,0,0,0.5,0,0,0.5,16,6,0.375,0,0,0.5,0,0,0.5,0,0,0.5,12,5,0.4166666666666667,0,0,0.5,0.0,0.0,-0.0416666666666666,0.0,0,0,0.5,0,0.5,0.0,0.3529411764705882,17,0.55,20,-0.1970588235294118
682.0,0,193.0,18.4,248.0,0,175.0,21.4,1,32,20241125,3,1,False,True,False,False,True,False,False,False,False,False,False,False,False,False,False,False,False,False,False,False,False,False,False,False,False,False,False,False,True,False,False,False,False,False,False,False,False,True,False,False,False,False,False,False,False,False,False,False,False,True,False,False,False,False,False,False,False,False,False,False,False,False,False,False,False,True,False,False,False,True,434.0,-3.0,18.0,18,7,0.3888888888888889,234,118,0.5042735042735043,-0.1153846153846153,0,0,0.5,0,0,0.5,17,7,0.4117647058823529,0,0,0.5,0,0,0.5,0,0,0.5,156,78,0.5,0,0,0.5,0.0,0.0,-0.088235294117647,0.0,0,0,0.5,0,0.5,0.0,0.3888888888888889,18,0.45,20,-0.0611111111111111
409.0,0,193.0,30.6,329.0,0,191.0,21.2,1,32,20241125,3,1,False,True,False,False,True,False,False,False,False,False,False,False,False,False,False,False,False,False,False,False,False,False,False,True,False,False,False,False,False,False,False,False,False,False,False,False,False,True,False,False,False,False,False,False,False,False,False,False,False,True,False,False,False,False,False,False,False,False,False,False,False,False,False,False,False,True,False,False,False,True,80.0,9.400000000000002,2.0,36,19,0.5277777777777778,102,50,0.4901960784313725,0.0375816993464052,0,0,0.5,0,0,0.5,13,5,0.3846153846153846,0,0,0.5,0,0,0.5,0,0,0.5,98,50,0.5102040816326531,0,0,0.5,0.0,0.0,-0.1255886970172684,0.0,0,0,0.5,0,0.5,0.0,0.55,20,0.5,20,0.05
172.0,0,183.0,28.4,248.0,0,175.0,21.4,0,32,20241125,3,1,False,True,False,False,True,False,False,False,False,False,False,False,False,False,False,False,True,False,False,False,False,False,False,False,False,False,False,False,False,False,False,False,False,False,False,False,False,True,False,False,False,False,False,False,False,False,False,False,False,True,False,False,False,False,False,False,False,False,False,True,False,False,False,False,False,False,False,False,False,True,-76.0,7.0,8.0,147,73,0.4965986394557823,235,118,0.502127659574468,-0.0055290201186857,0,0,0.5,0,0,0.5,121,62,0.512396694214876,0,0,0.5,0,0,0.5,0,0,0.5,157,78,0.4968152866242038,0,0,0.5,0.0,0.0,0.0155814075906721,0.0,2,1,0.5,1,0.5,0.0,0.7,20,0.45,20,0.2499999999999999
366.0,0,180.0,30.2,682.0,0,193.0,18.4,0,32,20241125,3,1,False,True,False,False,True,False,False,False,False,False,False,False,False,False,False,False,True,False,False,False,False,False,False,False,False,False,False,False,False,False,False,False,False,False,False,False,False,False,False,False,False,False,False,False,False,False,False,False,True,True,False,False,False,False,False,False,False,False,False,True,False,False,False,False,False,False,False,False,False,True,-316.0,11.8,-13.0,361,146,0.4044321329639889,19,8,0.4210526315789473,-0.0166204986149584,0,0,0.5,0,0,0.5,279,113,0.4050179211469534,0,0,0.5,0,0,0.5,0,0,0.5,18,8,0.4444444444444444,0,0,0.5,0.0,0.0,-0.039426523297491,0.0,0,0,0.5,0,0.5,0.0,0.35,20,0.4210526315789473,19,-0.0710526315789473
329.0,0,191.0,21.2,199.0,0,163.0,25.4,1,32,20241125,3,1,False,True,False,True,False,False,False,False,False,False,False,False,False,False,False,False,True,False,False,False,False,False,False,False,False,False,False,False,False,False,False,False,False,False,False,False,False,True,False,False,False,False,False,False,False,False,False,False,False,True,False,False,False,False,False,False,False,False,False,True,False,False,False,False,False,False,False,False,False,True,130.0,-4.199999999999999,28.0,103,50,0.4854368932038835,171,93,0.543859649122807,-0.0584227559189235,0,0,0.5,0,0,0.5,99,50,0.5050505050505051,0,0,0.5,0,0,0.5,0,0,0.5,168,92,0.5476190476190477,0,0,0.5,0.0,0.0,-0.0425685425685425,0.0,0,0,0.5,0,0.5,0.0,0.5,20,0.7,20,-0.1999999999999999
232.0,0,183.0,29.8,409.0,0,193.0,30.6,0,32,20241125,3,1,False,True,False,False,True,False,False,False,False,False,False,False,False,False,False,False,True,False,False,False,False,False,False,False,False,False,False,False,False,False,False,False,False,False,False,False,False,False,False,False,False,False,False,True,False,False,False,False,False,True,False,False,False,False,False,False,False,False,False,True,False,False,False,False,False,False,False,False,False,True,-177.0,-0.8000000000000007,-10.0,322,176,0.546583850931677,37,20,0.5405405405405406,0.0060433103911364,0,0,0.5,0,0,0.5,123,60,0.4878048780487805,0,0,0.5,0,0,0.5,0,0,0.5,14,6,0.4285714285714285,0,0,0.5,0.0,0.0,0.0592334494773519,0.0,0,0,0.5,0,0.5,0.0,0.5,20,0.55,20,-0.05
70.0,0,170.0,29.1,248.0,0,175.0,21.4,0,32,20241125,3,1,True,False,False,False,True,False,False,False,False,False,False,False,False,False,False,False,True,False,False,False,False,False,False,False,False,False,False,False,False,False,False,False,False,False,False,False,False,True,False,False,False,False,False,False,False,False,False,False,False,True,False,False,False,False,False,False,False,False,False,False,False,True,False,False,False,False,False,False,False,True,-178.0,7.700000000000003,-5.0,580,335,0.5775862068965517,236,119,0.5042372881355932,0.0733489187609585,0,0,0.5,0,0,0.5,440,266,0.6045454545454545,0,0,0.5,0,0,0.5,0,0,0.5,158,79,0.5,0,0,0.5,0.0,0.0,0.1045454545454545,0.0,0,0,0.5,0,0.5,0.0,0.6,20,0.45,20,0.1499999999999999
172.0,0,183.0,28.4,315.0,0,185.0,28.6,1,32,20241125,3,1,False,True,False,False,True,False,False,False,False,False,False,False,False,False,False,False,True,False,False,False,False,False,False,False,False,False,False,False,False,False,False,False,False,False,False,False,False,True,False,False,False,False,False,False,False,False,False,False,False,True,False,False,False,False,False,False,False,False,False,False,False,True,False,False,False,False,False,False,False,True,-143.0,-0.2000000000000028,-2.0,148,73,0.4932432432432432,633,328,0.5181674565560821,-0.0249242133128388,0,0,0.5,0,0,0.5,122,62,0.5081967213114754,0,0,0.5,0,0,0.5,0,0,0.5,292,138,0.4726027397260274,0,0,0.5,0.0,0.0,0.035593981585448,0.0,0,0,0.5,0,0.5,0.0,0.65,20,0.5,20,0.15
682.0,0,193.0,18.4,384.0,0,180.0,28.0,1,32,20241125,3,1,False,True,False,False,True,False,False,False,False,False,False,False,False,False,False,False,False,False,False,False,False,False,False,False,False,False,False,False,True,False,False,False,False,False,False,False,True,False,False,False,False,False,False,False,False,False,False,False,False,True,False,False,False,False,False,False,False,False,False,False,False,True,False,False,False,False,False,False,False,True,298.0,-9.6,13.0,20,9,0.45,119,51,0.4285714285714285,0.0214285714285714,0,0,0.5,0,0,0.5,19,9,0.4736842105263157,0,0,0.5,0,0,0.5,0,0,0.5,93,41,0.4408602150537634,0,0,0.5,0.0,0.0,0.0328239954725523,0.0,0,0,0.5,0,0.5,0.0,0.45,20,0.6,20,-0.1499999999999999
366.0,0,180.0,30.2,195.0,0,180.0,27.3,1,32,20241125,3,1,False,True,False,False,True,False,False,False,False,False,False,False,False,False,False,False,True,False,False,False,False,False,False,False,False,False,False,False,False,False,False,False,False,False,False,False,False,True,False,False,False,False,False,False,False,False,False,False,False,True,False,False,False,False,False,False,False,False,False,False,False,True,False,False,False,False,False,False,False,True,171.0,2.8999999999999986,0.0,362,146,0.4033149171270718,181,100,0.5524861878453039,-0.149171270718232,0,0,0.5,0,0,0.5,280,113,0.4035714285714286,0,0,0.5,0,0,0.5,0,0,0.5,147,79,0.5374149659863946,0,0,0.5,0.0,0.0,-0.133843537414966,0.0,3,2,0.6666666666666666,1,0.3333333333333333,0.3333333333333333,0.35,20,0.7,20,-0.35
429.0,0,196.0,22.7,199.0,0,163.0,25.4,0,32,20241125,3,1,True,False,False,True,False,False,False,False,False,False,False,False,False,False,False,False,False,False,False,False,True,False,False,False,False,False,False,False,False,False,False,False,False,False,False,False,False,True,False,False,False,False,False,False,False,False,False,False,False,True,False,False,False,False,False,False,False,False,False,False,False,True,False,False,False,False,False,False,False,True,230.0,-2.6999999999999997,33.0,16,8,0.5,172,93,0.5406976744186046,-0.0406976744186046,0,0,0.5,0,0,0.5,16,8,0.5,0,0,0.5,0,0,0.5,0,0,0.5,169,92,0.5443786982248521,0,0,0.5,0.0,0.0,-0.044378698224852,0.0,0,0,0.5,0,0.5,0.0,0.5,16,0.7,20,-0.1999999999999999
329.0,0,191.0,21.2,163.0,0,191.0,20.4,1,32,20241125,3,1,False,True,False,False,True,False,False,False,False,False,False,False,False,False,False,False,True,False,False,False,False,False,False,False,False,False,False,False,False,False,False,False,False,False,False,False,False,True,False,False,False,False,False,False,False,False,False,False,False,True,False,False,False,False,False,False,False,False,False,False,False,True,False,False,False,False,False,False,False,True,166.0,0.8000000000000007,0.0,104,51,0.4903846153846153,111,62,0.5585585585585585,-0.0681739431739431,0,0,0.5,0,0,0.5,100,51,0.51,0,0,0.5,0,0,0.5,0,0,0.5,103,62,0.6019417475728155,0,0,0.5,0.0,0.0,-0.0919417475728154,0.0,1,1,1.0,0,0.0,1.0,0.5,20,0.65,20,-0.15
232.0,0,183.0,29.8,177.0,0,183.0,27.5,1,32,20241125,3,1,False,True,False,True,False,False,False,False,False,False,False,False,False,False,False,False,True,False,False,False,False,False,False,False,False,False,False,False,False,False,False,False,False,False,False,False,False,True,False,False,False,False,False,False,False,False,False,False,False,True,False,False,False,False,False,False,False,False,False,False,False,True,False,False,False,False,False,False,False,True,55.0,2.3000000000000007,0.0,323,176,0.544891640866873,197,91,0.4619289340101523,0.0829627068567207,0,0,0.5,0,0,0.5,124,60,0.4838709677419355,0,0,0.5,0,0,0.5,0,0,0.5,176,88,0.5,0,0,0.5,0.0,0.0,-0.0161290322580645,0.0,1,1,1.0,0,0.0,1.0,0.5,20,0.4,20,0.0999999999999999
546.0,0,183.0,17.6,409.0,0,193.0,30.6,0,32,20241125,3,1,False,True,False,False,True,False,False,False,False,False,False,False,False,False,False,False,True,False,False,False,False,False,False,False,False,False,False,False,False,False,False,False,False,False,False,False,False,False,False,False,False,False,False,True,False,False,False,False,False,True,False,False,False,False,False,False,False,False,False,False,False,True,False,False,False,False,False,False,False,True,137.0,-13.0,-10.0,14,5,0.3571428571428571,38,21,0.5526315789473685,-0.1954887218045113,0,0,0.5,0,0,0.5,10,5,0.5,0,0,0.5,0,0,0.5,0,0,0.5,15,7,0.4666666666666667,0,0,0.5,0.0,0.0,0.0333333333333333,0.0,0,0,0.5,0,0.5,0.0,0.3571428571428571,14,0.55,20,-0.1928571428571429
380.0,0,168.0,34.1,70.0,0,170.0,29.1,0,32,20241125,3,1,False,True,False,True,False,False,False,False,False,False,False,False,False,False,False,False,False,False,False,False,False,False,False,True,False,False,False,False,False,False,False,False,False,False,False,False,False,True,False,False,False,False,False,False,False,False,False,False,False,True,False,False,False,False,False,False,False,False,False,False,False,False,True,False,False,False,False,False,False,True,310.0,5.0,-2.0,679,310,0.4565537555228277,581,335,0.576592082616179,-0.1200383270933513,0,0,0.5,0,0,0.5,581,268,0.4612736660929432,0,0,0.5,0,0,0.5,0,0,0.5,441,266,0.6031746031746031,0,0,0.5,0.0,0.0,-0.1419009370816599,0.0,3,1,0.3333333333333333,2,0.6666666666666666,-0.3333333333333333,0.45,20,0.55,20,-0.1
255.0,0,188.0,21.3,248.0,0,175.0,21.4,0,32,20241125,3,1,False,True,False,False,True,False,False,False,False,False,False,False,False,False,False,False,True,False,False,False,False,False,False,False,False,False,False,False,False,False,False,False,False,False,False,False,False,True,False,False,False,False,False,False,False,False,False,False,False,True,False,False,False,False,False,False,False,False,False,False,False,False,True,False,False,False,False,False,False,True,7.0,-0.0999999999999978,13.0,129,66,0.5116279069767442,237,120,0.5063291139240507,0.0052987930526935,0,0,0.5,0,0,0.5,106,59,0.5566037735849056,0,0,0.5,0,0,0.5,0,0,0.5,159,80,0.5031446540880503,0,0,0.5,0.0,0.0,0.0534591194968553,0.0,1,0,0.0,1,1.0,-1.0,0.6,20,0.45,20,0.1499999999999999
315.0,0,185.0,28.6,297.0,0,188.0,24.5,1,32,20241125,3,1,False,True,False,False,True,False,False,False,False,False,False,False,False,False,False,False,True,False,False,False,False,False,False,False,False,False,False,False,False,False,False,False,False,False,False,False,False,True,False,False,False,False,False,False,False,False,False,False,False,True,False,False,False,False,False,False,False,False,False,False,False,False,True,False,False,False,False,False,False,True,18.0,4.100000000000001,-3.0,634,328,0.5173501577287066,71,36,0.5070422535211268,0.0103079042075798,0,0,0.5,0,0,0.5,293,138,0.4709897610921502,0,0,0.5,0,0,0.5,0,0,0.5,50,22,0.44,0,0,0.5,0.0,0.0,0.0309897610921501,0.0,0,0,0.5,0,0.5,0.0,0.45,20,0.6,20,-0.1499999999999999
392.0,0,194.5,24.0,682.0,0,193.0,18.4,0,32,20241125,3,1,False,True,False,False,True,False,False,False,False,False,False,False,False,False,False,False,False,False,False,False,False,False,False,True,False,False,False,False,False,False,False,False,False,False,False,False,False,False,False,False,False,False,False,False,False,False,False,False,True,True,False,False,False,False,False,False,False,False,False,False,False,False,True,False,False,False,False,False,False,True,-290.0,5.600000000000001,1.5,14,5,0.3571428571428571,21,10,0.4761904761904761,-0.119047619047619,0,0,0.5,0,0,0.5,11,5,0.4545454545454545,0,0,0.5,0,0,0.5,0,0,0.5,20,10,0.5,0,0,0.5,0.0,0.0,-0.0454545454545454,0.0,0,0,0.5,0,0.5,0.0,0.3571428571428571,14,0.5,20,-0.1428571428571428
345.0,0,170.0,23.7,384.0,0,180.0,28.0,0,32,20241125,3,1,False,True,False,False,True,False,False,False,False,False,False,False,False,False,False,False,True,False,False,False,False,False,False,False,False,False,False,False,False,False,False,False,False,False,False,False,True,False,False,False,False,False,False,False,False,False,False,False,False,True,False,False,False,False,False,False,False,False,False,False,False,False,True,False,False,False,False,False,False,True,-39.0,-4.300000000000001,-10.0,138,61,0.4420289855072464,120,51,0.425,0.0170289855072464,0,0,0.5,0,0,0.5,122,58,0.4754098360655737,0,0,0.5,0,0,0.5,0,0,0.5,94,41,0.4361702127659574,0,0,0.5,0.0,0.0,0.0392396232996162,0.0,0,0,0.5,0,0.5,0.0,0.25,20,0.6,20,-0.35
454.0,0,175.0,21.8,366.0,0,180.0,30.2,0,32,20241125,3,1,False,True,False,False,True,False,False,False,False,False,False,False,False,False,False,False,False,False,False,False,False,False,False,False,False,False,False,False,True,False,False,False,False,False,False,False,False,True,False,False,False,False,False,False,False,False,False,False,False,True,False,False,False,False,False,False,False,False,False,False,False,False,True,False,False,False,False,False,False,True,88.0,-8.399999999999999,-5.0,14,8,0.5714285714285714,363,147,0.4049586776859504,0.166469893742621,0,0,0.5,0,0,0.5,14,8,0.5714285714285714,0,0,0.5,0,0,0.5,0,0,0.5,281,114,0.4056939501779359,0,0,0.5,0.0,0.0,0.1657346212506354,0.0,0,0,0.5,0,0.5,0.0,0.5714285714285714,14,0.35,20,0.2214285714285714
545.0,0,178.0,24.4,195.0,0,180.0,27.3,0,32,20241125,3,1,False,False,True,False,True,False,False,False,False,False,False,False,False,False,False,False,False,False,False,False,False,False,False,True,False,False,False,False,False,False,False,False,False,False,False,False,False,True,False,False,False,False,False,False,False,False,False,False,False,True,False,False,False,False,False,False,False,False,False,False,False,False,True,False,False,False,False,False,False,True,350.0,-2.900000000000002,-2.0,1,0,0.0,182,100,0.5494505494505495,-0.5494505494505495,0,0,0.5,0,0,0.5,1,0,0.0,0,0,0.5,0,0,0.5,0,0,0.5,148,79,0.5337837837837838,0,0,0.5,0.0,0.0,-0.5337837837837838,0.0,0,0,0.5,0,0.5,0.0,0.0,1,0.7,20,-0.7
199.0,0,163.0,25.4,480.0,0,191.0,25.2,1,32,20241125,3,1,True,False,False,False,True,False,False,False,False,False,False,False,False,False,False,False,True,False,False,False,False,False,False,False,False,False,False,False,False,False,False,False,False,False,False,False,False,False,False,False,True,False,False,False,False,False,False,False,False,True,False,False,False,False,False,False,False,False,False,False,False,False,True,False,False,False,False,False,False,True,-281.0,0.1999999999999993,-28.0,173,94,0.5433526011560693,134,58,0.4328358208955223,0.1105167802605469,0,0,0.5,0,0,0.5,170,93,0.5470588235294118,0,0,0.5,0,0,0.5,0,0,0.5,116,52,0.4482758620689655,0,0,0.5,0.0,0.0,0.0987829614604463,0.0,0,0,0.5,0,0.5,0.0,0.7,20,0.35,20,0.35
633.0,0,185.0,19.2,429.0,0,196.0,22.7,0,32,20241125,3,1,False,True,False,True,False,False,False,False,False,False,False,False,False,False,False,False,True,False,False,False,False,False,False,False,False,False,False,False,False,False,False,False,False,False,False,False,False,False,False,False,True,False,False,False,False,False,False,False,False,True,False,False,False,False,False,False,False,False,False,False,False,False,True,False,False,False,False,False,False,True,204.0,-3.5,-11.0,14,1,0.0714285714285714,17,8,0.4705882352941176,-0.3991596638655462,0,0,0.5,0,0,0.5,10,1,0.1,0,0,0.5,0,0,0.5,0,0,0.5,17,8,0.4705882352941176,0,0,0.5,0.0,0.0,-0.3705882352941176,0.0,0,0,0.5,0,0.5,0.0,0.0714285714285714,14,0.4705882352941176,17,-0.3991596638655462
523.0,0,170.0,27.1,329.0,0,191.0,21.2,0,32,20241125,3,1,False,True,False,False,True,False,False,False,False,False,False,False,False,False,False,False,False,False,False,False,False,False,False,True,False,False,False,False,False,False,False,False,False,False,False,False,False,True,False,False,False,False,False,False,False,False,False,False,False,True,False,False,False,False,False,False,False,False,False,False,False,False,True,False,False,False,False,False,False,True,194.0,5.900000000000002,-21.0,193,80,0.4145077720207253,105,52,0.4952380952380952,-0.0807303232173698,0,0,0.5,0,0,0.5,185,76,0.4108108108108108,0,0,0.5,0,0,0.5,0,0,0.5,101,52,0.5148514851485149,0,0,0.5,0.0,0.0,-0.104040674337704,0.0,2,1,0.5,1,0.5,0.0,0.45,20,0.55,20,-0.1
346.0,0,178.0,26.0,163.0,0,191.0,20.4,0,32,20241125,3,1,False,True,False,False,True,False,False,False,False,False,False,False,False,False,False,False,True,False,False,False,False,False,False,False,False,False,False,False,False,False,False,False,False,False,False,False,False,True,False,False,False,False,False,False,False,False,False,False,False,True,False,False,False,False,False,False,False,False,False,False,False,False,True,False,False,False,False,False,False,True,183.0,5.600000000000001,-13.0,26,12,0.4615384615384615,112,62,0.5535714285714286,-0.092032967032967,0,0,0.5,0,0,0.5,26,12,0.4615384615384615,0,0,0.5,0,0,0.5,0,0,0.5,104,62,0.5961538461538461,0,0,0.5,0.0,0.0,-0.1346153846153845,0.0,0,0,0.5,0,0.5,0.0,0.45,20,0.6,20,-0.1499999999999999
177.0,0,183.0,27.5,373.0,0,185.0,28.1,1,32,20241125,3,1,True,False,False,False,True,False,False,False,False,False,False,False,False,False,False,False,True,False,False,False,False,False,False,False,False,False,False,False,False,False,False,False,False,False,False,False,False,True,False,False,False,False,False,False,False,False,False,False,False,True,False,False,False,False,False,False,False,False,False,False,False,False,True,False,False,False,False,False,False,True,-196.0,-0.6000000000000014,-2.0,198,91,0.4595959595959596,32,17,0.53125,-0.0716540404040403,0,0,0.5,0,0,0.5,177,88,0.4971751412429379,0,0,0.5,0,0,0.5,0,0,0.5,32,17,0.53125,0,0,0.5,0.0,0.0,-0.0340748587570621,0.0,0,0,0.5,0,0.5,0.0,0.4,20,0.6,20,-0.1999999999999999
372.0,0,180.0,25.6,232.0,0,183.0,29.8,0,32,20241125,3,1,False,True,False,False,True,False,False,False,False,False,False,False,False,False,False,False,False,False,False,False,False,False,False,True,False,False,False,False,False,False,False,False,False,False,False,False,False,True,False,False,False,False,False,False,False,False,False,False,False,True,False,False,False,False,False,False,False,False,False,False,False,False,True,False,False,False,False,False,False,True,140.0,-4.199999999999999,-3.0,85,41,0.4823529411764706,324,177,0.5462962962962963,-0.0639433551198256,0,0,0.5,0,0,0.5,36,19,0.5277777777777778,0,0,0.5,0,0,0.5,0,0,0.5,125,61,0.488,0,0,0.5,0.0,0.0,0.0397777777777778,0.0,1,0,0.0,1,1.0,-1.0,0.7,20,0.55,20,0.1499999999999999
235.0,0,188.0,26.5,546.0,0,183.0,17.6,0,32,20241125,3,1,False,True,False,False,True,False,False,False,False,False,False,False,False,False,False,False,True,False,False,False,False,False,False,False,False,False,False,False,False,False,False,False,False,False,False,False,False,True,False,False,False,False,False,False,False,False,False,False,False,True,False,False,False,False,False,False,False,False,False,False,False,False,True,False,False,False,False,False,False,True,-311.0,8.899999999999999,5.0,332,175,0.5271084337349398,15,5,0.3333333333333333,0.1937751004016064,0,0,0.5,0,0,0.5,277,147,0.5306859205776173,0,0,0.5,0,0,0.5,0,0,0.5,11,5,0.4545454545454545,0,0,0.5,0.0,0.0,0.0761404660321627,0.0,0,0,0.5,0,0.5,0.0,0.7,20,0.3333333333333333,15,0.3666666666666666
409.0,0,193.0,30.6,102.0,0,175.0,23.4,1,32,20241125,3,1,False,True,False,True,False,False,False,False,False,False,False,False,False,False,False,False,False,False,False,False,False,False,False,True,False,False,False,False,False,False,False,False,False,False,False,False,False,True,False,False,False,False,False,False,False,False,False,False,False,True,False,False,False,False,False,False,False,False,False,False,False,False,True,False,False,False,False,False,False,True,307.0,7.200000000000003,18.0,39,22,0.5641025641025641,189,109,0.5767195767195767,-0.0126170126170126,0,0,0.5,0,0,0.5,16,8,0.5,0,0,0.5,0,0,0.5,0,0,0.5,132,79,0.5984848484848485,0,0,0.5,0.0,0.0,-0.0984848484848485,0.0,0,0,0.5,0,0.5,0.0,0.6,20,0.7,20,-0.0999999999999999
588.0,0,163.0,23.5,372.0,0,180.0,25.6,0,32,20241125,3,1,True,False,False,False,True,False,False,False,False,False,False,False,False,False,False,False,True,False,False,False,False,False,False,False,False,False,False,False,False,False,False,False,False,False,False,False,False,True,False,False,False,False,False,False,False,False,False,False,False,True,False,False,False,False,False,False,False,True,False,False,False,False,False,False,False,False,False,False,False,True,216.0,-2.1000000000000014,-17.0,11,3,0.2727272727272727,86,41,0.4767441860465116,-0.2040169133192389,0,0,0.5,0,0,0.5,11,3,0.2727272727272727,0,0,0.5,0,0,0.5,0,0,0.5,37,19,0.5135135135135135,0,0,0.5,0.0,0.0,-0.2407862407862407,0.0,0,0,0.5,0,0.5,0.0,0.2727272727272727,11,0.65,20,-0.3772727272727273
480.0,0,191.0,25.2,380.0,0,168.0,34.1,0,32,20241125,3,1,False,True,False,False,True,False,False,False,False,False,False,False,False,False,False,False,True,False,False,False,False,False,False,False,False,False,False,False,False,False,False,False,False,False,False,False,False,True,False,False,False,False,False,False,False,False,False,False,False,True,False,False,False,False,False,False,False,True,False,False,False,False,False,False,False,False,False,False,False,True,100.0,-8.900000000000002,23.0,135,58,0.4296296296296296,680,310,0.4558823529411764,-0.0262527233115468,0,0,0.5,0,0,0.5,117,52,0.4444444444444444,0,0,0.5,0,0,0.5,0,0,0.5,582,268,0.4604810996563573,0,0,0.5,0.0,0.0,-0.0160366552119129,0.0,0,0,0.5,0,0.5,0.0,0.35,20,0.45,20,-0.1
483.0,0,175.0,26.1,392.0,0,194.5,24.0,0,32,20241125,3,1,False,True,False,False,True,False,False,False,False,False,False,False,False,False,False,False,True,False,False,False,False,False,False,False,False,False,False,False,False,False,False,False,False,False,False,False,False,True,False,False,False,False,False,False,False,False,False,False,False,True,False,False,False,False,False,False,False,True,False,False,False,False,False,False,False,False,False,False,False,True,91.0,2.1000000000000014,-19.5,18,8,0.4444444444444444,15,5,0.3333333333333333,0.1111111111111111,0,0,0.5,0,0,0.5,18,8,0.4444444444444444,0,0,0.5,0,0,0.5,0,0,0.5,12,5,0.4166666666666667,0,0,0.5,0.0,0.0,0.0277777777777777,0.0,0,0,0.5,0,0.5,0.0,0.4444444444444444,18,0.3333333333333333,15,0.1111111111111111
507.0,0,157.0,24.9,409.0,0,193.0,30.6,0,32,20241125,3,1,False,True,False,False,True,False,False,False,False,False,False,False,False,False,False,False,True,False,False,False,False,False,False,False,False,False,False,False,False,False,False,False,False,False,False,False,False,True,False,False,False,False,False,False,False,False,False,False,False,True,False,False,False,False,False,False,False,True,False,False,False,False,False,False,False,False,False,False,False,True,98.0,-5.700000000000003,-36.0,30,14,0.4666666666666667,40,23,0.575,-0.1083333333333332,0,0,0.5,0,0,0.5,29,14,0.4827586206896552,0,0,0.5,0,0,0.5,0,0,0.5,17,9,0.5294117647058824,0,0,0.5,0.0,0.0,-0.0466531440162271,0.0,0,0,0.5,0,0.5,0.0,0.55,20,0.6,20,-0.0499999999999999
429.0,0,196.0,22.7,523.0,0,170.0,27.1,0,32,20241125,3,1,True,False,False,False,True,False,False,False,False,False,False,False,False,False,False,False,True,False,False,False,False,False,False,False,False,False,False,False,False,False,False,False,False,False,False,False,False,True,False,False,False,False,False,False,False,False,False,False,False,True,False,False,False,False,False,False,False,True,False,False,False,False,False,False,False,False,False,False,False,True,-94.0,-4.400000000000002,26.0,18,9,0.5,194,80,0.4123711340206185,0.0876288659793814,0,0,0.5,0,0,0.5,18,9,0.5,0,0,0.5,0,0,0.5,0,0,0.5,186,76,0.4086021505376344,0,0,0.5,0.0,0.0,0.0913978494623655,0.0,0,0,0.5,0,0.5,0.0,0.5,18,0.4,20,0.0999999999999999
528.0,0,168.0,24.5,545.0,0,178.0,24.4,0,32,20241125,3,1,False,True,False,False,False,True,False,False,False,False,False,False,False,False,False,False,True,False,False,False,False,False,False,False,False,False,False,False,False,False,False,False,False,False,False,False,False,True,False,False,False,False,False,False,False,False,False,False,False,True,False,False,False,False,False,False,False,True,False,False,False,False,False,False,False,False,False,False,False,True,-17.0,0.1000000000000014,-10.0,13,4,0.3076923076923077,2,0,0.0,0.3076923076923077,0,0,0.5,0,0,0.5,13,4,0.3076923076923077,0,0,0.5,0,0,0.5,0,0,0.5,2,0,0.0,0,0,0.5,0.0,0.0,0.3076923076923077,0.0,0,0,0.5,0,0.5,0.0,0.3076923076923077,13,0.0,2,0.3076923076923077
692.0,0,183.0,31.2,588.0,0,163.0,23.5,0,32,20241125,3,1,False,True,False,True,False,False,False,False,False,False,False,False,False,False,False,False,True,False,False,False,False,False,False,False,False,False,False,False,False,False,False,False,False,False,False,False,False,True,False,False,False,False,False,False,False,False,False,False,False,True,False,False,False,False,False,False,True,False,False,False,False,False,False,False,False,False,False,False,False,True,104.0,7.699999999999999,20.0,177,83,0.4689265536723164,12,3,0.25,0.2189265536723164,0,0,0.5,0,0,0.5,159,76,0.4779874213836478,0,0,0.5,0,0,0.5,0,0,0.5,12,3,0.25,0,0,0.5,0.0,0.0,0.2279874213836478,0.0,0,0,0.5,0,0.5,0.0,0.55,20,0.25,12,0.3
2258.0,1,183.0,32.2,380.0,0,168.0,34.1,0,32,20241125,3,1,True,False,False,False,True,False,False,False,False,False,False,False,False,False,False,True,False,False,False,False,False,False,False,False,False,False,False,False,False,False,False,False,False,False,False,False,False,True,False,False,False,False,False,False,False,False,False,False,False,True,False,False,False,False,False,False,True,False,False,False,False,False,False,False,False,False,False,False,False,True,1878.0,-1.8999999999999984,15.0,19,2,0.1052631578947368,681,311,0.4566813509544787,-0.3514181930597418,0,0,0.5,0,0,0.5,2,0,0.0,0,0,0.5,0,0,0.5,0,0,0.5,583,269,0.4614065180102916,0,0,0.5,0.0,0.0,-0.4614065180102916,0.0,0,0,0.5,0,0.5,0.0,0.1052631578947368,19,0.5,20,-0.3947368421052631
676.0,0,176.5,25.2,480.0,0,191.0,25.2,0,32,20241125,3,1,False,True,False,False,True,False,False,False,False,False,False,False,False,False,False,False,True,False,False,False,False,False,False,False,False,False,False,False,False,False,False,False,False,False,False,False,False,True,False,False,False,False,False,False,False,False,False,False,False,True,False,False,False,False,False,False,True,False,False,False,False,False,False,False,False,False,False,False,False,True,196.0,0.0,-14.5,15,3,0.2,136,58,0.4264705882352941,-0.2264705882352941,0,0,0.5,0,0,0.5,14,3,0.2142857142857142,0,0,0.5,0,0,0.5,0,0,0.5,118,52,0.4406779661016949,0,0,0.5,0.0,0.0,-0.2263922518159806,0.0,0,0,0.5,0,0.5,0.0,0.2,15,0.35,20,-0.1499999999999999
722.0,0,188.0,29.7,483.0,0,175.0,26.1,0,32,20241125,3,1,False,True,False,False,True,False,False,False,False,False,False,False,False,False,False,False,True,False,False,False,False,False,False,False,False,False,False,False,False,False,False,False,False,False,False,False,False,True,False,False,False,False,False,False,False,False,False,False,False,True,False,False,False,False,False,False,True,False,False,False,False,False,False,False,False,False,False,False,False,True,239.0,3.599999999999998,13.0,94,37,0.3936170212765957,19,8,0.4210526315789473,-0.0274356103023515,0,0,0.5,0,0,0.5,82,33,0.4024390243902439,0,0,0.5,0,0,0.5,0,0,0.5,19,8,0.4210526315789473,0,0,0.5,0.0,0.0,-0.0186136071887034,0.0,0,0,0.5,0,0.5,0.0,0.45,20,0.4210526315789473,19,0.0289473684210526
409.0,0,193.0,30.6,1073.0,0,175.0,25.6,1,32,20241125,3,1,False,True,False,False,True,False,False,False,False,False,False,False,False,False,False,False,True,False,False,False,False,False,False,False,False,False,False,False,False,False,False,False,False,False,False,False,False,False,False,False,False,False,True,False,False,False,False,False,False,True,False,False,False,False,False,False,True,False,False,False,False,False,False,False,False,False,False,False,False,True,-664.0,5.0,18.0,41,24,0.5853658536585366,39,16,0.4102564102564102,0.1751094434021263,0,0,0.5,0,0,0.5,18,10,0.5555555555555556,0,0,0.5,0,0,0.5,0,0,0.5,39,16,0.4102564102564102,0,0,0.5,0.0,0.0,0.1452991452991453,0.0,0,0,0.5,0,0.5,0.0,0.6,20,0.45,20,0.1499999999999999
860.0,0,175.0,26.8,507.0,0,157.0,24.9,0,32,20241125,3,1,False,True,False,False,True,False,False,False,False,False,False,False,False,False,False,False,False,False,False,False,False,False,True,False,False,False,False,False,False,False,False,False,False,False,False,False,False,True,False,False,False,False,False,False,False,False,False,False,False,True,False,False,False,False,False,False,True,False,False,False,False,False,False,False,False,False,False,False,False,True,353.0,1.900000000000002,18.0,2,1,0.5,31,14,0.4516129032258064,0.0483870967741935,0,0,0.5,0,0,0.5,2,1,0.5,0,0,0.5,0,0,0.5,0,0,0.5,30,14,0.4666666666666667,0,0,0.5,0.0,0.0,0.0333333333333333,0.0,0,0,0.5,0,0.5,0.0,0.5,2,0.55,20,-0.05
429.0,0,196.0,22.7,708.0,0,173.0,25.0,1,32,20241125,3,1,True,False,False,False,True,False,False,False,False,False,False,False,False,False,False,False,True,False,False,False,False,False,False,False,False,False,False,False,False,False,False,False,False,False,False,False,False,True,False,False,False,False,False,False,False,False,False,False,False,True,False,False,False,False,False,False,True,False,False,False,False,False,False,False,False,False,False,False,False,True,-279.0,-2.3000000000000007,23.0,19,9,0.4736842105263157,16,6,0.375,0.0986842105263157,0,0,0.5,0,0,0.5,19,9,0.4736842105263157,0,0,0.5,0,0,0.5,0,0,0.5,16,6,0.375,0,0,0.5,0.0,0.0,0.0986842105263157,0.0,0,0,0.5,0,0.5,0.0,0.4736842105263157,19,0.375,16,0.0986842105263157
894.0,0,180.0,19.8,528.0,0,168.0,24.5,0,32,20241125,3,1,False,True,False,False,True,False,False,False,False,False,False,False,False,False,False,True,False,False,False,False,False,False,False,False,False,False,False,False,False,False,False,False,False,False,False,False,False,True,False,False,False,False,False,False,False,False,False,False,False,True,False,False,False,False,False,False,True,False,False,False,False,False,False,False,False,False,False,False,False,True,366.0,-4.699999999999999,12.0,2,0,0.0,14,4,0.2857142857142857,-0.2857142857142857,0,0,0.5,0,0,0.5,2,0,0.0,0,0,0.5,0,0,0.5,0,0,0.5,14,4,0.2857142857142857,0,0,0.5,0.0,0.0,-0.2857142857142857,0.0,0,0,0.5,0,0.5,0.0,0.0,2,0.2857142857142857,14,-0.2857142857142857
